文件路径,标签
txt/南师大经验贴丨冲刺阶段怎么冲两位211上岸学长道出关键学两个月电路也能130.txt,"冲刺阶段,时间管理,数学复习,英语复习,政治复习,专业课复习,压力管理,学习效率"
txt/复习电分专业课知识点不连贯把握四个阶段让电分变提分点.txt,"专业课复习,备考阶段,时间管理,学习效率"
txt/双非一战上岸211专业课超均分20只要把握这三个冲刺重点.txt,"冲刺阶段,专业课复习,数学复习,英语复习,政治复习,时间管理"
txt/电分130高分上岸省内唯一电气211强推大神的冲刺必备.txt,"冲刺阶段,专业课复习,数学复习,政治复习,英语复习,时间管理,学习效率,情绪调节"
txt/经验贴中国农业大学414学长二战数学一暴涨80分秘诀.txt,"备考阶段,时间管理,数学复习,专业课复习,冲刺阶段"
txt/二战跨考同等学力考生B-电力院校高分上岸不可多得的经验贴.txt,"备考阶段,时间管理,专业课复习,数学复习,英语复习,政治复习,复试准备,学习效率"
txt/总结经验重新出发二战的他拿下高分成功上岸帝都顶尖211.txt,"备考阶段,时间管理,专业课复习,数学复习,英语复习,政治复习,学习效率"
txt/土木跨电气专硕状元郎做好这道选择题上岸指日可待.txt,"备考阶段,时间管理,专业课复习,数学复习,英语复习,政治复习,复试准备,学习效率"
txt/河海大学经验帖丨专业课第一是怎么炼成的.txt,"专业课复习,数学复习,英语复习,政治复习,时间管理"
txt/考邱关源院校必看 20年西交大顶级高分专硕907学姐经验贴.txt,"备考阶段,时间管理,数学复习,专业课复习,英语复习,政治复习,情绪调节,学习效率"
txt/上岸这所新晋电气一流学科的211院校学长对全年四门课的复习规划是这么做的.txt,"备考阶段,时间管理,数学复习,专业课复习,英语复习,政治复习,学习效率,动力来源"
txt/专业课150分一战上岸京城211速看学硕总分第二的成硕之路.txt,"专业课复习,数学复习,英语复习,政治复习,备考阶段,时间管理,冲刺阶段,学习效率"
txt/初试370上岸省内最强211速看高分学长的超全时间规划.txt,"备考阶段,时间管理,数学复习,英语复习,政治复习,专业课复习,压力管理,情绪调节,学习效率"
txt/末流二本学长400上岸211双130的高分秘籍可照抄.txt,"备考阶段,时间管理,数学复习,英语复习,政治复习,专业课复习,学习效率,动力来源"
txt/经验贴丨三战上岸顶级211复试笔试荣登三甲逆袭成功.txt,"复试准备,备考阶段,时间管理,数学复习,英语复习,专业课复习,压力管理,情绪调节,学习效率"
txt/初试第三英语一85高分备考经验.txt,"备考阶段,时间管理,英语复习,数学复习,专业课复习,政治复习,学习效率"
txt/本科双非零基础考研985电气如何拿下电路140.txt,"备考阶段,时间管理,专业课复习,动力来源,压力管理,情绪调节,学习效率"
txt/超线60圆梦双一流各阶段复习规划被他和盘托出.txt,"备考阶段,时间管理,专业课复习,数学复习,英语复习,政治复习"
txt/考研上岸后才明白最扎心的不是失败而是本可以的遗憾.txt,"备考阶段,时间管理,冲刺阶段,数学复习,英语复习,政治复习,专业课复习,复试准备,动力来源,压力管理,情绪调节,学习效率"
txt/继往开来东南大学2019年电力系统方向学长经验分享.txt,"备考阶段,时间管理,数学复习,英语复习,政治复习,专业课复习,动力来源,压力管理,情绪调节,学习效率"
txt/电网和考研如何抉择考学姐和你聊聊备考心路历程.txt,"备考阶段,时间管理,冲刺阶段,专业课复习,压力管理,情绪调节,学习效率"
txt/电路状元电气A不可错过的流金经验贴.txt,"备考阶段,时间管理,政治复习,英语复习,数学复习,专业课复习,学习效率"
txt/双非一战上岸省内唯一211快来观摩总分第二的成硕之路.txt,"备考阶段,时间管理,冲刺阶段,专业课复习,数学复习,政治复习,英语复习,压力管理,情绪调节,学习效率"
txt/极限8月开始复习拿下423分上岸这所电气A的985有捷径.txt,"备考阶段,时间管理,冲刺阶段,数学复习,英语复习,政治复习,专业课复习,压力管理,情绪调节,学习效率"
txt/材料专业学长跨考哈工大控制一战上岸心路历程值得借鉴.txt,"备考阶段,时间管理,冲刺阶段,数学复习,英语复习,政治复习,专业课复习,动力来源,压力管理,情绪调节,学习效率"
txt/七月底才开始复习考研还来得及吗.txt,"备考阶段,时间管理,专业课复习,数学复习,英语复习,政治复习,冲刺阶段"
txt/考研这段时间如何高效复习和提分.txt,"备考阶段,时间管理,冲刺阶段,英语复习,政治复习,专业课复习,压力管理,情绪调节,学习效率"
txt/本科双非经历重修一战上岸清华大学电机工程与应用电子系.txt,"备考阶段,时间管理,冲刺阶段,复试准备,数学复习,英语复习,专业课复习,动力来源,压力管理,情绪调节,学习效率"
txt/悄悄告诉你90的上岸考生11月都没复习完知道这个你还慌嘛.txt,"备考阶段,冲刺阶段,压力管理,情绪调节,学习效率"
txt/南京航空航天大学看看400学长们怎么说.txt,"数学复习,专业课复习,英语复习,备考阶段,时间管理,冲刺阶段,复试准备,动力来源,压力管理,学习效率"
txt/模电电路只掉6分条理清晰的备考心得来看看专业课状元是如何破茧成蝶的.txt,"专业课复习,备考阶段,时间管理,冲刺阶段,数学复习,英语复习,政治复习,动力来源,压力管理,情绪调节,学习效率"
txt/如何应对冷门专业课且公共课突变这所985院校上岸学长的高效补救经验值得借鉴.txt,"备考阶段,时间管理,专业课复习,数学复习,英语复习,动力来源,压力管理,学习效率"
txt/上海电力经验贴丨考前变小阳人还敢说初试363分意料之中.txt,"备考阶段,时间管理,专业课复习,数学复习,英语复习,政治复习,复试准备,动力来源,压力管理,情绪调节,学习效率"
txt/终将上岸再来看看最后两门考前小提示明天的你自信放光芒.txt,"冲刺阶段,数学复习,专业课复习"
txt/电力院校强化如何安排这三点复习建议让你事半功倍.txt,"备考阶段,时间管理,专业课复习,学习效率"
txt/400上岸B电力院校他直言请坚持4项冲刺原则.txt,"冲刺阶段,时间管理,情绪调节,学习效率,数学复习,英语复习,政治复习,专业课复习"
txt/冲刺期如何高效自我检验掏心窝子的模考经验都在这里了.txt,"冲刺阶段,时间管理,数学复习,专业课复习,英语复习,政治复习,学习效率,情绪调节"
txt/物理学跨考电气A类211零基础学习有真方法.txt,"备考阶段,时间管理,专业课复习,数学复习,英语复习,政治复习,复试准备,学习效率"
txt/考前入住酒店后安心复习必须看清这些重点4点准备第一时间做好.txt,"备考阶段,时间管理,专业课复习,压力管理"
txt/没有按部就班依然以学硕第一的成绩上岸西南地区985院校反复强调的这一点极其重要.txt,"备考阶段,时间管理,数学复习,英语复习,政治复习,专业课复习,学习效率"
txt/两门专业课难度太高差距拉大月考暴露的问题抓住暑假补强.txt,"专业课复习,备考阶段,时间管理,学习效率,情绪调节"
txt/来看看报考B-电力院校的考生是如何逆风翻盘的.txt,"专业课复习,数学复习,备考阶段,冲刺阶段,时间管理"
txt/经验贴西南交大复试如何拿第一.txt,"复试准备,数学复习,英语复习,政治复习,专业课复习,动力来源,压力管理,情绪调节,学习效率"
txt/双非上岸顶尖211二战的他成绩暴涨成功进化拿下状元.txt,"备考阶段,时间管理,专业课复习,数学复习,政治复习,英语复习,冲刺阶段,复试准备,学习效率,动力来源"
txt/初复试双第一365分上岸211的备考全过程.txt,"备考阶段,时间管理,专业课复习,英语复习,政治复习,数学复习,冲刺阶段"
txt/考研400分真不需要拼命高分往往都有隐形推手.txt,"备考阶段,时间管理,专业课复习,学习效率"
txt/考前提示所有的努力都为了厚积薄发.txt,"备考阶段,时间管理,冲刺阶段,数学复习,英语复习,政治复习,专业课复习,压力管理,情绪调节,学习效率"
txt/二战跨考斩获顶尖211初试第一总分433分专业课145分.txt,"备考阶段,时间管理,冲刺阶段,数学复习,英语复习,政治复习,专业课复习,学习效率"
txt/一战打基础二战415顶级211专硕榜眼他脱颖而出的学习小妙招究竟是什么.txt,"备考阶段,时间管理,数学复习,英语复习,政治复习,专业课复习,冲刺阶段,复试准备,学习效率"
txt/不会时间规划高分学长教你安排学习计划.txt,"时间管理,备考阶段,数学复习,英语复习,政治复习,专业课复习,学习效率"
txt/务必收藏保姆级25上岸规划备考不迷茫.txt,"备考阶段,时间管理,冲刺阶段,复试准备,数学复习,英语复习,政治复习,专业课复习"
txt/430上岸南方小清华为你揭开成功背后的神秘攻略.txt,"备考阶段,时间管理,冲刺阶段,数学复习,英语复习,政治复习,专业课复习,复试准备"
txt/愿你终成所愿愿你一往无前NERO学长写给考前的你们.txt,"情绪调节,压力管理,动力来源"
txt/仅剩50天不到千万别功亏一篑这些最想偷走你分数的知识点你学透了吗.txt,"冲刺阶段,时间管理,数学复习,专业课复习,压力管理,情绪调节"
txt/初试倒数逆袭前3电气考研复试奇迹正在上演.txt,"复试准备,专业课复习,动力来源,压力管理"
txt/电路0基础如何跨考上岸看双非的他如何130逆袭上岸顶尖211.txt,"专业课复习,备考阶段,冲刺阶段,时间管理,数学复习,英语复习,政治复习"
txt/冲刺最后阶段除了做题我们还能干什么.txt,"冲刺阶段,时间管理,专业课复习,政治复习,英语复习,压力管理,情绪调节,学习效率"
txt/哎电路模考差点就满分了盘点电气考研最惹人嫌的行为.txt,"冲刺阶段,压力管理,情绪调节,备考阶段"
txt/本科零基础跨考上岸电气B-专硕第一总分390分.txt,"备考阶段,时间管理,冲刺阶段,专业课复习,数学复习,政治复习,英语复习,学习效率"
txt/大连理工总分第四超详细备考规划轻松拿捏复试四大环节.txt,"复试准备,时间管理,动力来源,压力管理"
txt/电气考研冲刺阶段一天狂学14h够吗.txt,"冲刺阶段,时间管理,专业课复习,政治复习,数学复习,英语复习,学习效率,情绪调节"
txt/厨子跨考985电气月考13分到136分零基础也直言专业课真的不难.txt,"专业课复习,备考阶段,时间管理,动力来源,学习效率"
txt/424分上岸国字号211这份初试第一的高分宝典请收下.txt,"备考阶段,时间管理,专业课复习,数学复习,政治复习,英语复习,学习效率"
txt/经验贴南京理工大学最实在的经验帖.txt,"备考阶段,时间管理,冲刺阶段,专业课复习,数学复习,英语复习,政治复习,复试准备,学习效率"
txt/电气考研冲刺阶段一天玩多久合适.txt,"冲刺阶段,时间管理,专业课复习,压力管理,情绪调节,学习效率"
txt/429分学长全科复习经验.txt,"备考阶段,时间管理,数学复习,英语复习,政治复习,专业课复习,学习效率"
txt/0基础备考上岸市局比稳定刷题更重要的是稳住心态.txt,"备考阶段,时间管理,冲刺阶段,专业课复习,压力管理,学习效率"
txt/448分上岸A类985学长手把手带你数学专业课上140.txt,"备考阶段,时间管理,冲刺阶段,数学复习,英语复习,政治复习,专业课复习,动力来源,压力管理,情绪调节,学习效率"
txt/华南理工大学经验帖丨不成功便成仁为何学习氛围是上岸的关键.txt,"备考阶段,时间管理,冲刺阶段,数学复习,英语复习,政治复习,专业课复习,压力管理,情绪调节,学习效率"
txt/电气考研暑期作死行为榜你中枪了吗.txt,"备考阶段,时间管理,专业课复习,数学复习,英语复习,政治复习,压力管理,情绪调节,学习效率"
txt/经验贴东南大学希望这篇文章给你鼓励.txt,"备考阶段,时间管理,冲刺阶段,复试准备,数学复习,英语复习,政治复习,专业课复习,动力来源,压力管理,情绪调节,学习效率"
txt/听劝电气考研高分上岸的他们守住了哪些暑期复习底线.txt,"备考阶段,时间管理,数学复习,专业课复习"
txt/考研注定孤独那是你没遇到对的同行者督学班三月实录.txt,"备考阶段,时间管理,专业课复习,数学复习,学习效率,动力来源"
txt/电气考研越来越卷复习备考有哪些关键环节.txt,"备考阶段,时间管理,冲刺阶段,数学复习,英语复习,专业课复习,动力来源,压力管理,情绪调节"
txt/真不黑二战6个月上岸顶尖211电路140的他有话说.txt,"备考阶段,时间管理,专业课复习,数学复习,英语复习,政治复习,冲刺阶段,复试准备"
txt/强化无头绪为你整理好了985状元们的复习计划暑期不迷茫.txt,"备考阶段,时间管理,专业课复习,冲刺阶段"
txt/经验贴太原理工大学从考试混子到初试400分.txt,"备考阶段,时间管理,冲刺阶段,数学复习,英语复习,政治复习,专业课复习,压力管理,情绪调节,学习效率"
txt/全面落后却拿下430本科双非电路149这所A类985真没什么上岸黑幕.txt,"备考阶段,时间管理,冲刺阶段,数学复习,英语复习,政治复习,专业课复习,压力管理,情绪调节,学习效率"
txt/最后2天踏上考场NERO学长照例跟大家聊几句.txt,"冲刺阶段,压力管理,情绪调节,动力来源"
txt/愿你无愧努力如愿以偿上考场前再跟你们唠叨几句....txt,"备考阶段,时间管理,冲刺阶段,专业课复习,动力来源,压力管理,情绪调节,学习效率"
txt/初试超常发挥成功上岸考前一天他们做了哪些准备.txt,"冲刺阶段,压力管理,情绪调节"
txt/东北电力经验贴丨机械跨考电气成功上岸分这三步最稳妥.txt,"备考阶段,冲刺阶段,专业课复习,数学复习,英语复习,政治复习,复试准备"
txt/专业课144上岸电气B的原电力高校看学长速通成硕之路.txt,"专业课复习,数学复习,英语复习,政治复习,复试准备"
txt/保分5点规划两门专业课最后冲刺攻略拿下上岸.txt,"冲刺阶段,专业课复习,时间管理,数学复习"
txt/学霸暑期24h时间表这才是打败90备考人的秘笈.txt,"备考阶段,时间管理,专业课复习,数学复习,英语复习,政治复习,学习效率,动力来源"
txt/初试排名第三上岸南京航空航天大学控制专业这位学姐是这样做的.txt,"备考阶段,时间管理,英语复习,数学复习,政治复习,专业课复习,学习效率"
txt/真的有技可循快来看清华状元电气考研的独门秘籍.txt,"专业课复习,数学复习,英语复习,政治复习,备考阶段,时间管理,冲刺阶段,复试准备"
txt/跨考电气且专业课第一看过他的考研安排才明白这不是意外.txt,"专业课复习,时间管理,备考阶段,冲刺阶段,学习效率"
txt/南航经验贴  430学姐手把手教你如何上岸电气顶尖211.txt,"备考阶段,时间管理,专业课复习,数学复习,政治复习,英语复习,复试准备,学习效率"
txt/研究生进阶计划三年很短但练成钢铁真不难.txt,"专业课复习,时间管理,动力来源"
txt/同样在冲刺为什么他们能拿下电路150分.txt,"专业课复习,冲刺阶段,时间管理,学习效率,情绪调节"
txt/20西交发电学硕复试经验分享.txt,"复试准备,专业课复习,英语复习,时间管理"
txt/川大421分专硕第二全科复习经验.txt,"备考阶段,时间管理,政治复习,英语复习,数学复习,专业课复习,冲刺阶段"
txt/十月已到稳住心态在这场考研持久战中笑到最后.txt,"情绪调节,压力管理,动力来源,学习效率,冲刺阶段"
txt/初试状元榜眼现身说法热度跳水985高分上岸秘籍.txt,"备考阶段,时间管理,冲刺阶段,专业课复习,数学复习,英语复习,政治复习,学习效率"
txt/22考研初试400学长每个阶段只需要做好这些事.txt,"备考阶段,时间管理,冲刺阶段,专业课复习,数学复习,英语复习,政治复习,动力来源,压力管理,学习效率"
txt/No.1科研院所的总分状元初复试备考要点全覆盖复试一骑绝尘的秘诀竟然是镜子.txt,"备考阶段,时间管理,冲刺阶段,数学复习,英语复习,政治复习,专业课复习,复试准备,压力管理,情绪调节,学习效率"
txt/上岸清华新选择跨考人工智能站上高薪风口.txt,"备考阶段,时间管理,专业课复习,复试准备"
txt/三本考生也能去985读研院校壁垒不应成为你失败的借口.txt,"备考阶段,时间管理,数学复习,专业课复习,英语复习,政治复习,复试准备,动力来源,压力管理,情绪调节,学习效率"
txt/电路二战提分60速来看看初试状元上岸985的制胜法宝.txt,"备考阶段,时间管理,冲刺阶段,专业课复习,数学复习,英语复习,政治复习,动力来源,压力管理,情绪调节,学习效率"
txt/关键节点暑期强化前摸底这3个薄弱点要持续补强.txt,"备考阶段,时间管理,专业课复习,压力管理,情绪调节"
txt/广西大学经验贴丨电路130全靠手感同样刷题211状元的冲刺秘诀全揭露.txt,"冲刺阶段,专业课复习,数学复习,英语复习,政治复习"
txt/一战上岸电力行业的中流砥柱他将学硕330分的秘诀和盘托出.txt,"专业课复习,数学复习,英语复习,政治复习,备考阶段,时间管理"
txt/448分冠绝群雄双非跨考总分第二这所985这样备考准没错.txt,"备考阶段,时间管理,专业课复习,数学复习,英语复习,政治复习,学习效率"
txt/最猛的1是考研数学一.txt,"数学复习,专业课复习,情绪调节,动力来源"
txt/一批没过线却二批高分逆袭每天仅复习5小时的高分秘诀.txt,"备考阶段,时间管理,专业课复习,动力来源,压力管理,情绪调节,学习效率"
txt/双非土木跨考上岸211看零基础的他是如何拿捏专业课.txt,"专业课复习,数学复习,政治复习,英语复习,备考阶段,时间管理"
txt/电路150分总分429电气考研卷王都如何冲刺.txt,"冲刺阶段,专业课复习,时间管理,学习效率"
txt/英语干货分享.txt,"英语复习,备考阶段,时间管理"
txt/电气圆桌考研刷不完的模拟题做得越多真就越好吗.txt,"数学复习,专业课复习,英语复习,政治复习,备考阶段,时间管理"
txt/东北农业大学经验贴丨二战初试392分总成绩排名第二.txt,"备考阶段,时间管理,专业课复习,数学复习,英语复习,政治复习,复试准备,学习效率"
txt/初复试双双拿下第一上岸这所省内最强211时间规划有说法.txt,"备考阶段,时间管理,冲刺阶段,专业课复习,数学复习,英语复习,政治复习,学习效率"
txt/一战上岸北方工科之王985专业课141分总分397分.txt,"备考阶段,时间管理,专业课复习,数学复习,政治复习,英语复习,压力管理,情绪调节,学习效率"
txt/总分第一问鼎TOP985双非学姐的逆袭之路是这样走的.txt,"备考阶段,时间管理,冲刺阶段,数学复习,英语复习,政治复习,专业课复习,压力管理,情绪调节,学习效率"
txt/近6000字经验分享一战成功上岸211并拿下专硕状元他是如何做到的.txt,"备考阶段,时间管理,数学复习,英语复习,政治复习,冲刺阶段,学习效率"
txt/这条路走的每一步都算数考前再跟各位准研究生聊几句.txt,"备考阶段,冲刺阶段,动力来源,压力管理,情绪调节,学习效率"
txt/电网备考别踩坑最新招聘时间线高效规划指南.txt,时间管理
txt/学硕第一专硕第二二战的TA们少走很多弯路.txt,"备考阶段,时间管理,冲刺阶段,数学复习,英语复习,政治复习,专业课复习,压力管理,情绪调节,学习效率"
txt/22考研怎么复习西交电气考研状元455学姐告诉你.txt,"备考阶段,时间管理,政治复习,英语复习,数学复习,专业课复习,冲刺阶段"
txt/实用方法焦虑彷徨考不上了如何化解考前负面情绪.txt,"情绪调节,压力管理,动力来源,冲刺阶段"
txt/想上岸这所一志愿100录取的B院校各科超详细经验帖分享.txt,"备考阶段,时间管理,冲刺阶段,数学复习,英语复习,政治复习,专业课复习,学习效率"
txt/继往开来东南大学2019年电力电子方向学姐经验分享.txt,"备考阶段,时间管理,数学复习,英语复习,政治复习,专业课复习,复试准备,动力来源,压力管理,情绪调节,学习效率"
txt/361分上岸双一流改考电分后他是如何夯实基础斩获117高分的.txt,"专业课复习,数学复习,英语复习,政治复习,备考阶段,时间管理,冲刺阶段"
txt/经验帖如何备考这所初试要求不高但复试绝不可疏忽大意的高校.txt,"备考阶段,时间管理,数学复习,英语复习,政治复习,专业课复习,复试准备,动力来源,压力管理,学习效率"
txt/元旦特供虎年要虎虎生威做好计划摆正心态新的一年从这件事开始.txt,"复试准备,时间管理,动力来源,压力管理"
txt/双非考生一战成功考入重点211院校的王牌学科秘诀原来在这里.txt,"备考阶段,时间管理,数学复习,专业课复习,政治复习,英语复习,学习效率"
txt/电路138分状元二战成绩翻倍上岸211的备考关键真让他给说明白了.txt,"备考阶段,时间管理,专业课复习,学习效率,动力来源,压力管理"
txt/顶级985院校专业课近乎满分这位电路状元学长走过的这些弯路一定要避开.txt,"备考阶段,时间管理,数学复习,专业课复习,英语复习,政治复习,复试准备,学习效率"
txt/山东大学经验贴丨初试444分如何做到专业课接近满分的.txt,"备考阶段,时间管理,数学复习,专业课复习,英语复习,政治复习,复试准备,学习效率"
txt/掌握这些英语模板冲刺阶段实现二次加速.txt,"英语复习,备考阶段,时间管理,学习效率"
txt/逆袭零基础在职考电气稳上985的复习策略被他全盘托出.txt,"备考阶段,时间管理,专业课复习,数学复习,冲刺阶段"
txt/高分经验备考国网该从何处入手82分上岸学长传授成功秘诀.txt,"备考阶段,时间管理,专业课复习,学习效率"
txt/双非0基础跨考学硕第一上岸这所川渝第一985备考真有说法.txt,"备考阶段,时间管理,专业课复习,数学复习,英语复习,政治复习,学习效率"
txt/双优学员还有特殊奖励这份国培卷王攻略请查收.txt,"备考阶段,时间管理,动力来源,学习效率"
txt/期末周有人暂停复习也有人交上满分答卷差距渐渐拉开.txt,"专业课复习,时间管理,备考阶段,学习效率,情绪调节"
txt/985一定要比赛经历和英语水平来看看这位学长的真实经历.txt,"备考阶段,时间管理,数学复习,英语复习,政治复习,专业课复习,冲刺阶段,学习效率"
txt/从专升本到考研省直上岸这一步步真的像是一场梦.......txt,"备考阶段,时间管理,专业课复习,动力来源,压力管理,情绪调节,学习效率"
txt/看看0基础总分400的学长在这个阶段是怎么做的.txt,"备考阶段,时间管理,数学复习,英语复习,政治复习,专业课复习,学习效率"
txt/最后阶段如何选择模拟卷.txt,"数学复习,冲刺阶段,时间管理,学习效率"
txt/你敢检测下自己的数学复习成果吗.txt,"数学复习,备考阶段,时间管理"
txt/总分422专业课144一位普通电气工程考生的逆袭之路.txt,"备考阶段,时间管理,冲刺阶段,复试准备,数学复习,英语复习,政治复习,专业课复习,压力管理,情绪调节,学习效率"
txt/从电路险些挂科到149分大神他仅用三个月完成蜕变.txt,"备考阶段,时间管理,专业课复习,数学复习,英语复习,政治复习,压力管理,情绪调节,学习效率"
txt/考研vs期末调整心态合理规划时间我要双赢.txt,"备考阶段,时间管理,动力来源,压力管理,情绪调节,学习效率,专业课复习"
txt/专业课140学长备考理工大学诀窍大揭秘.txt,"专业课复习,数学复习,英语复习,政治复习,备考阶段,时间管理"
txt/明天别丢冤枉分考完的科目就让它留在过去....txt,"冲刺阶段,数学复习,专业课复习,时间管理,压力管理,情绪调节"
txt/靠最后两个月逆风翻盘这位上岸老牌电力院校的学长告诉你请不要模仿.txt,"冲刺阶段,时间管理,专业课复习,动力来源"
txt/如何实现专业课的高效复习 试试学长的专业课阶段性复习法.txt,"专业课复习,备考阶段,时间管理,学习效率"
txt/冲呀考前再听听叮咛明天必将一往无前.txt,"冲刺阶段,时间管理,政治复习,英语复习"
txt/本科发EI论文5个月的复习时间拿下总成绩第三.txt,"备考阶段,时间管理,数学复习,英语复习,政治复习,专业课复习,学习效率"
txt/听劝考研人节后自救指南上岸不掉队.txt,"备考阶段,时间管理,动力来源,压力管理,情绪调节,学习效率"
txt/双非跨考211电气拿下电路142分成功上岸的他有哪些高分小tips.txt,"专业课复习,数学复习,政治复习,英语复习,备考阶段,时间管理,学习效率"
txt/经验贴西北工业大学罕见的专业课备考过程公开.txt,"备考阶段,时间管理,数学复习,英语复习,政治复习,专业课复习,动力来源,压力管理,情绪调节"
txt/学不下去怎么办看看这位学长的自述胜利就在面前.txt,"备考阶段,时间管理,数学复习,英语复习,政治复习,专业课复习,动力来源,压力管理,情绪调节,学习效率"
txt/经验贴四川大学双非学生有话讲.txt,"备考阶段,时间管理,数学复习,英语复习,政治复习,专业课复习,压力管理,情绪调节,学习效率"
txt/上岸电路难度较高的211这位学硕384分考生总结的复盘规划法归纳知识点果有奇效.txt,"备考阶段,时间管理,冲刺阶段,数学复习,专业课复习,英语复习,学习效率"
txt/南工程经验贴丨二战初试第二想少走弯路按这4步来.txt,"备考阶段,时间管理,冲刺阶段,数学复习,英语复习,政治复习,专业课复习,压力管理,情绪调节,学习效率"
txt/经验贴拼夕夕996我886如何在职上岸电气顶尖院校.txt,"备考阶段,时间管理,英语复习,政治复习,数学复习,专业课复习,复试准备,压力管理,情绪调节,学习效率"
txt/他如何在复习周依旧蝉联榜首这3点措施帮你迎接复习分水岭.txt,"备考阶段,时间管理,专业课复习,压力管理,情绪调节,学习效率"
txt/经验帖学硕初试前三专业课146分的学长带你攻克冲刺路上的绊脚石.txt,"备考阶段,时间管理,冲刺阶段,数学复习,英语复习,政治复习,专业课复习,学习效率"
txt/最牛跨考电气经验贴总分436分电路147分.txt,"备考阶段,时间管理,数学复习,专业课复习,英语复习,政治复习,学习效率"
txt/如何切实提高学习效率.txt,"学习效率,数学复习,备考阶段"
txt/历届上岸学长学姐的肺腑之言冲刺期做到这几点尤其关键.txt,"冲刺阶段,时间管理,专业课复习,政治复习,英语复习,压力管理,情绪调节,学习效率"
txt/总分电路双第一414分上岸原电力院校的他做了这些事.txt,"备考阶段,时间管理,冲刺阶段,数学复习,英语复习,政治复习,专业课复习,学习效率"
txt/经验贴四川大学双非学生有话讲2节选.txt,"专业课复习,英语复习,备考阶段,时间管理"
txt/初试第二上岸省内211看他是如何被安排的明明白白.txt,"备考阶段,时间管理,冲刺阶段,数学复习,英语复习,政治复习,专业课复习,学习效率"
txt/倒计时44天这所电气学科B录取人数400的院校现阶段这么做上岸更稳当.txt,"冲刺阶段,时间管理,专业课复习,政治复习,英语复习,数学复习"
txt/为什么说考研复习重在连续性有人暂停复习有人月考满分.txt,"备考阶段,时间管理,专业课复习,学习效率"
txt/结合总分430电路140的上岸经验电路哥从四方面带你制定23电气考研全盘复习规划.txt,"备考阶段,时间管理,专业课复习,冲刺阶段"
txt/心上明镜笔下游龙大学补考工作三年辞职考研浙大电气最真实的考研写照.txt,"备考阶段,动力来源,压力管理,情绪调节"
txt/22考研的时间节点请收好专业课提高10分的技巧一定不能错过.txt,"冲刺阶段,时间管理,专业课复习,数学复习,英语复习,政治复习"
txt/初试分数你把握不住在不同分数段的你得各自做好这些事情.txt,"复试准备,动力来源,压力管理,专业课复习"
txt/元旦快乐新年肇始学学上岸的他们做好这三件准备.txt,"备考阶段,时间管理,复试准备,压力管理,学习效率"
txt/距离考研剩下短短十天了童鞋们该如何复习.txt,"冲刺阶段,时间管理,英语复习,政治复习,数学复习,专业课复习,学习效率"
txt/临时改考仍临危不乱看学长如何运筹帷幄成功上岸魔都211.txt,"备考阶段,时间管理,专业课复习,数学复习,英语复习,政治复习,压力管理,情绪调节,学习效率"
txt/临时转专业也能高分逆袭上岸.txt,"备考阶段,时间管理,专业课复习"
txt/专业课走捷径拿下130看学长登顶初试第一上岸这所小211.txt,"专业课复习,数学复习,英语复习,政治复习,备考阶段,时间管理,冲刺阶段,学习效率"
txt/我们一直都在电气考研最后阶段给你讲点掏心窝的话.txt,"冲刺阶段,时间管理,专业课复习,压力管理,情绪调节,学习效率"
txt/400上岸电气双一流211强化冲刺他是这样吃透专业课的.txt,"专业课复习,数学复习,时间管理,冲刺阶段"
txt/总成绩反超40名来自二本的他是如何杀出一条血路.txt,"复试准备,动力来源,压力管理"
txt/经验帖双非未过四级跨考上南航详细说说我是如何做的.txt,"英语复习,数学复习,专业课复习,政治复习,备考阶段,时间管理,冲刺阶段,学习效率,情绪调节"
txt/初试400杀出重围电路140分上岸211的关键只有两个字.txt,"备考阶段,时间管理,数学复习,专业课复习,学习效率"
txt/考前阑尾炎手术感染新冠如此重压之下还能拿下专硕第一上岸顶级985.txt,"备考阶段,时间管理,冲刺阶段,数学复习,英语复习,政治复习,专业课复习,压力管理,情绪调节,学习效率"
txt/本科地质工程上岸电气顶尖211初试401分电路143分.txt,"专业课复习,数学复习,英语复习,备考阶段,时间管理,冲刺阶段"
txt/初试420上岸这所电气C的211经验详述.txt,"备考阶段,时间管理,专业课复习,数学复习,英语复习,政治复习,复试准备"
txt/掌握这些22考研冲刺注意事项更容易上岸这所学科实力稳步提升的南方高校.txt,"冲刺阶段,政治复习,英语复习,数学复习,专业课复习,备考阶段,时间管理"
txt/经验帖东北地区的电气强校420高分学员备考的不传之秘.txt,"备考阶段,时间管理,冲刺阶段,政治复习,英语复习,数学复习,专业课复习,压力管理,情绪调节,学习效率"
txt/暑期过半电路还没起色上岸顶尖211电路145他是如何弯道超车.txt,"备考阶段,时间管理,冲刺阶段,专业课复习,数学复习,英语复习,政治复习,学习效率"
txt/心态反复横跳从第三视角解锁陪伴式学习如何打消复习焦虑.txt,"情绪调节,压力管理,动力来源,专业课复习,备考阶段,时间管理,冲刺阶段,复试准备"
txt/二战复习仍选择重蹈覆辙的他成功上岸就是有这四点理由.txt,"备考阶段,时间管理,情绪调节,学习效率,专业课复习,英语复习"
txt/Debuff叠满也能上岸电话煲式陪考魔力竟如此大.txt,"备考阶段,时间管理,专业课复习,动力来源,压力管理,情绪调节,学习效率"
txt/二战逆袭近100分上岸电气985初试411分电路 131分.txt,"备考阶段,时间管理,专业课复习,数学复习,政治复习,英语复习,压力管理,情绪调节,学习效率"
txt/专业课分数成功翻身二战412分的他是如何查漏补缺拿下专硕状元的.txt,"专业课复习,数学复习,英语复习,政治复习,备考阶段,时间管理,冲刺阶段,情绪调节,学习效率"
txt/跨专业考研他是如何做到从零基础上岸双一流.txt,"备考阶段,时间管理,冲刺阶段,专业课复习,数学复习,英语复习,政治复习,学习效率"
txt/独家剖析24真题重难点电气B级211401分学霸联考亮相.txt,"专业课复习,数学复习,备考阶段,冲刺阶段"
txt/如何上岸这所录用人数年年霸榜本省电网的院校高分学长分阶段为你规划复习.txt,"备考阶段,时间管理,数学复习,专业课复习,英语复习,政治复习,冲刺阶段"
txt/从挂科边缘到清华园自信为楫涅槃成舟终上岸.txt,"备考阶段,时间管理,冲刺阶段,专业课复习,数学复习,政治复习,英语复习,压力管理,情绪调节,学习效率"
txt/三个月备考时间算多还是少详解国网二批各阶段备考注意事项.txt,"备考阶段,时间管理,冲刺阶段,复试准备,数学复习,英语复习,政治复习,专业课复习,压力管理,情绪调节,学习效率"
txt/400分是怎么炼成的.txt,"备考阶段,时间管理,专业课复习,动力来源,学习效率"
txt/东北大学经验帖丨学硕状元保姆级参考助你学习事半功倍.txt,"备考阶段,时间管理,冲刺阶段,专业课复习,数学复习,英语复习,政治复习,学习效率"
txt/经验帖二本也能进入控制学科评估B的阿里后花园.txt,"备考阶段,时间管理,政治复习,英语复习,数学复习,专业课复习,压力管理,情绪调节,学习效率"
txt/考邱关源院校必看 20年西交大顶级学硕810学长高分经验贴.txt,"备考阶段,时间管理,专业课复习,数学复习,英语复习,政治复习,动力来源,压力管理,情绪调节,学习效率"
txt/双非上岸顶级211这一习惯助他拿下410高分.txt,"备考阶段,时间管理,冲刺阶段,数学复习,英语复习,政治复习,专业课复习,压力管理,情绪调节,学习效率"
txt/三个重要阶段中电分如何达到最优安排详尽的复习方法汇总.txt,"备考阶段,时间管理,专业课复习,数学复习,冲刺阶段"
txt/经验贴东南大学教你如何少走弯路.txt,"备考阶段,时间管理,数学复习,专业课复习,英语复习,政治复习"
txt/电路146分双非二战381分上岸西南985的他有何秘笈.txt,"备考阶段,时间管理,专业课复习,数学复习,英语复习,政治复习,学习效率"
txt/注意这三点教你如何平衡期末考试和考研备考.txt,"备考阶段,时间管理,专业课复习,压力管理,学习效率"
txt/这些考前舒缓负面情绪的小技巧总结每个考研人都该看看.txt,"情绪调节,压力管理,动力来源,时间管理,备考阶段,冲刺阶段,数学复习,英语复习,政治复习,专业课复习,学习效率"
txt/备考8个月拿下401分上岸这所电气B的211真有技可循.txt,"备考阶段,时间管理,专业课复习,数学复习,英语复习,政治复习,动力来源,压力管理,情绪调节,学习效率"
txt/这个节骨眼上别人都5点起床学习你怎么睡得着的.txt,"冲刺阶段,时间管理,情绪调节,学习效率"
txt/逆向考研何尝不是一种选择最真实的二战经历来看看416分是如何炼成的.txt,"备考阶段,时间管理,冲刺阶段,数学复习,英语复习,政治复习,专业课复习,压力管理,情绪调节,学习效率"
txt/暑期后半场如何进行高效强化训练这5点着重强调.txt,"备考阶段,时间管理,冲刺阶段,专业课复习,数学复习,英语复习,压力管理,情绪调节,学习效率"
txt/听劝25电气考研初试避坑指南.txt,"冲刺阶段,时间管理,压力管理,情绪调节,备考阶段"
txt/经验帖转眼11月将至最后俩月该如何高效复习上岸这所双一流高校学长来教你.txt,"冲刺阶段,时间管理,数学复习,英语复习,专业课复习"
txt/经验帖双非上岸211控制科学与工程B为你解答心中疑惑.txt,"备考阶段,时间管理,数学复习,英语复习,政治复习,专业课复习,动力来源,压力管理,情绪调节,学习效率"
txt/5000字经验分享一战成功上岸211电气专硕我是如何做到的.txt,"备考阶段,时间管理,专业课复习,数学复习,英语复习,政治复习,学习效率"
txt/二战提分50上岸985初试状元的高分秘诀.txt,"备考阶段,时间管理,数学复习,英语复习,政治复习,专业课复习,复试准备,学习效率"
txt/导师疯狂加论文量还能兼顾电网备考吗.txt,"备考阶段,时间管理,冲刺阶段,专业课复习,压力管理,情绪调节,学习效率"
txt/别急备考电网的最后一个月还能做很多事.txt,"备考阶段,冲刺阶段,压力管理,情绪调节,学习效率"
txt/经验帖10月即将结束冲刺该抓哪些重点400高分学长告诉你秘诀.txt,"冲刺阶段,时间管理,英语复习,政治复习,数学复习,专业课复习,备考阶段,学习效率"
txt/24电气考研抢跑在即成功上岸的他们备考时竟都有这个共同点.txt,"备考阶段,时间管理,冲刺阶段,数学复习,英语复习,政治复习,专业课复习"
txt/湖大经验贴丨双非逆袭拿下学硕第二他避开了哪些坑.txt,"备考阶段,时间管理,冲刺阶段,数学复习,英语复习,专业课复习,压力管理,情绪调节,学习效率"
txt/一战失败工作辞职二战上岸一个普通大学生的三年.......txt,"备考阶段,时间管理,冲刺阶段,数学复习,英语复习,政治复习,专业课复习,动力来源,压力管理,情绪调节,学习效率"
txt/二战三个月上岸211这一备考习惯助他斩获356高分.txt,"备考阶段,时间管理,专业课复习,数学复习,英语复习,政治复习,压力管理,情绪调节,学习效率"
txt/这位二战上岸学长的坎坷经历也许更能帮你吸取教训少走弯路.txt,"备考阶段,冲刺阶段,专业课复习,压力管理,动力来源"
txt/阳光总在风雨后冲破最后阶段的这些阻碍我们终将上岸.txt,"冲刺阶段,时间管理,数学复习,英语复习,政治复习,专业课复习,情绪调节,学习效率"
txt/初试390上岸211电气专硕这位学姐的复习笔记令人叹为观止.txt,"专业课复习,数学复习,英语复习,政治复习,复试准备,时间管理,学习效率,情绪调节"
txt/大连理工经验贴丨双非逆袭上岸985长达10个月的备考经历.txt,"备考阶段,时间管理,专业课复习,数学复习,英语复习,政治复习,冲刺阶段"
txt/另辟上岸路985名校offer收割机夏天学长揭露保研秘辛.txt,"备考阶段,时间管理,动力来源,学习效率"
txt/经验帖武汉大学虽是双非本科二战挑战这所电气顶尖的最美985高校一举成功上岸.txt,"备考阶段,时间管理,冲刺阶段,数学复习,英语复习,专业课复习,动力来源,压力管理,情绪调节,学习效率"
txt/真别回家暑假黄金学习时期这样学就废了.txt,"备考阶段,时间管理,数学复习,英语复习,政治复习,专业课复习,动力来源,压力管理,情绪调节,学习效率"
txt/工作两年辞职后考研439分.txt,"备考阶段,时间管理,冲刺阶段,数学复习,英语复习,政治复习,专业课复习,学习效率,动力来源"
txt/415分上岸电气二龙高校看起步晚的他如何实现弯道超车.txt,"备考阶段,时间管理,数学复习,英语复习,政治复习,专业课复习,学习效率"
txt/数学专业课双130初试第一学长教你如何稳扎稳打顺利上岸国家队.txt,"数学复习,专业课复习,备考阶段,时间管理,冲刺阶段,学习效率"
txt/湖南工业大学经验贴丨专硕探花电路146分高质量经验.txt,"专业课复习,数学复习,英语复习,政治复习,备考阶段,时间管理,冲刺阶段,情绪调节,学习效率"
txt/于泥泞中仰望星光从二本逆袭985的电气涅槃记.txt,"备考阶段,时间管理,专业课复习,数学复习,英语复习,政治复习,复试准备,动力来源,压力管理,情绪调节,学习效率"
txt/十月即将过半复习该提上日程了抓住重点一击即中.txt,"备考阶段,时间管理,专业课复习,学习效率"
txt/经验贴合工大21年413分学长初复试独门考研经验分享.txt,"备考阶段,时间管理,数学复习,专业课复习,政治复习,英语复习,复试准备"
txt/考前5个月才确定目标院校依然稳定上岸顶尖工科985这些前期准备值得借鉴.txt,"备考阶段,时间管理,专业课复习,动力来源,压力管理,学习效率"
txt/一天只睡6小时电气考研专业课150分的他们暑期是怎么复习的.txt,"备考阶段,时间管理,专业课复习,学习效率"
txt/从挂科重修到初试第一上岸B类211跨专业逆袭秘籍大公开.txt,"备考阶段,时间管理,冲刺阶段,数学复习,英语复习,政治复习,专业课复习,学习效率"
txt/双非二战成功上岸电气B类985必胜关键竟是厚积薄发.txt,"备考阶段,时间管理,专业课复习,复试准备,动力来源,压力管理,学习效率"
txt/411分是如何炼成的学硕初试复试双第一的他走过哪些弯路.txt,"备考阶段,时间管理,冲刺阶段,数学复习,英语复习,政治复习,专业课复习,压力管理,情绪调节,学习效率"
txt/经验贴北京交通大学400上岸学姐用细腻打动你.txt,"备考阶段,时间管理,数学复习,专业课复习,英语复习,复试准备,动力来源,压力管理,情绪调节"
txt/传奇职高天崩开局的他极限逆袭上岸C9电气.txt,"备考阶段,时间管理,冲刺阶段,数学复习,英语复习,政治复习,专业课复习,动力来源,压力管理,情绪调节,学习效率"
txt/太理经验贴丨本科双非跨考电气从专业课零基础到上岸211.txt,"专业课复习,数学复习,英语复习,政治复习,备考阶段,时间管理,冲刺阶段"
txt/从零基础到90高分学长亲授北方热门市局上岸秘籍.txt,"备考阶段,时间管理,冲刺阶段,专业课复习,数学复习,英语复习,政治复习,动力来源,压力管理,情绪调节,学习效率"
txt/肉哥提醒考前准备12月复习建议上岸的重要小细节汇总.txt,"冲刺阶段,时间管理,政治复习,英语复习,数学复习,专业课复习,压力管理"
txt/川大经验贴丨初试复试双第一上岸B类985学长道出了备考关键.txt,"备考阶段,时间管理,冲刺阶段,复试准备,数学复习,英语复习,政治复习,专业课复习,压力管理,情绪调节,学习效率"
